,Trip Names,Prices ,Discounted_Prices ,Discount,Duration
0,Leh Ladakh Backpacking Bike Trip,22500,18000 per person,4500,6 Days 5 Nights
1,Spiti Valley Circuit Trip,23000,20000 per person,3000,7 Days 6 Nights
2,SM Himachal Backpacking,18000,16000 per person,2000,5 Days 4 Nights
3,SM Manali Sissu Kasol,8500,7500 per person,1000,3 Nights 4 Days
4,Leh Ladakh With Uming La & Hanle,N/A,25999 per person,0,8 Days 7 Nights
5,NY Kashmir Backpacking,N/A,25999 per person,0,6 Days 5 Nights
6,NY Meghalaya Backpacking,26999,25999 per person,1000,6 Days 5 Nights
7,NY Kasol Kheerganga Manali,N/A,13999 per person,0,4 Days 3 Nights
8,NY Uttarakhand Backpacking,N/A,17999 per person,0,5 Days 4 Nights
9,Uttarakhand Backpacking- Rishikesh Auli Chopta,N/A,14999 per person,0,4 Nights 5 Days
10,Manali Sissu Kasol,8500,8000 per person,500,3 Nights 4 Days
11,Kashmir Backpacking,N/A,22999 per person,0,6 Days 5 Nights
12,Himachal Backpacking Summer Special,19999,14999 per person,5000,5 Days 4 Nights
13,Leh Srinagar Backpacking Bike Trip,33500,28500 per person,5000,8 Days 7 Nights
14,Manali Leh Srinagar Backpacking Bike Trip,N/A,N/A,0,10 Days 9 Nights
15,Fantastic Goa,N/A,13000 per person,0,5 Days 4 Nights
16,Manali Kasol Jibhi,N/A,15000 per person,0,5 Days 4 Nights
17,Spiti Valley Circuit Trip with Manali,20000,18000 per person,2000,7 Days 6 Nights
18,Ny Shimla Manali,17999,16999 per person,1000,5 Days 4 Nights
19,NY Himachal Backpacking,N/A,17999 per person,0,5 Days 4 Nights
20,Manali Kasol Jibhi,N/A,15000 per person,0,5 Days 4 Nights
21,Spiti Valley Circuit Trip with Manali,20000,18000 per person,2000,7 Days 6 Nights
22,Ny Shimla Manali,17999,16999 per person,1000,5 Days 4 Nights
23,NY Himachal Backpacking,N/A,17999 per person,0,5 Days 4 Nights
24,Leh Ladakh Backpacking Bike Trip,22500,18000 per person,4500,6 Days 5 Nights
25,Spiti Valley Circuit Trip,23000,20000 per person,3000,7 Days 6 Nights
26,SM Himachal Backpacking,18000,16000 per person,2000,5 Days 4 Nights
27,SM Manali Sissu Kasol,8500,7500 per person,1000,3 Nights 4 Days
28,Leh Ladakh With Uming La & Hanle,N/A,25999 per person,0,8 Days 7 Nights
29,NY Kashmir Backpacking,N/A,25999 per person,0,6 Days 5 Nights
30,NY Meghalaya Backpacking,26999,25999 per person,1000,6 Days 5 Nights
31,NY Kasol Kheerganga Manali,N/A,13999 per person,0,4 Days 3 Nights
32,NY Uttarakhand Backpacking,N/A,17999 per person,0,5 Days 4 Nights
33,Uttarakhand Backpacking- Rishikesh Auli Chopta,N/A,14999 per person,0,4 Nights 5 Days
34,Manali Sissu Kasol,8500,8000 per person,500,3 Nights 4 Days
35,Kashmir Backpacking,N/A,22999 per person,0,6 Days 5 Nights
36,Himachal Backpacking Summer Special,19999,14999 per person,5000,5 Days 4 Nights
37,Leh Srinagar Backpacking Bike Trip,33500,28500 per person,5000,8 Days 7 Nights
38,Manali Leh Srinagar Backpacking Bike Trip,N/A,N/A,0,10 Days 9 Nights
39,Fantastic Goa,N/A,13000 per person,0,5 Days 4 Nights
40,Manali Kasol Jibhi,N/A,15000 per person,0,5 Days 4 Nights
41,Spiti Valley Circuit Trip with Manali,20000,18000 per person,2000,7 Days 6 Nights
42,Ny Shimla Manali,17999,16999 per person,1000,5 Days 4 Nights
43,NY Himachal Backpacking,N/A,17999 per person,0,5 Days 4 Nights
44,Leh Ladakh Backpacking Bike Trip,22500,18000 per person,4500,6 Days 5 Nights
45,Spiti Valley Circuit Trip,23000,20000 per person,3000,7 Days 6 Nights
46,SM Himachal Backpacking,18000,16000 per person,2000,5 Days 4 Nights
47,SM Manali Sissu Kasol,8500,7500 per person,1000,3 Nights 4 Days
48,Leh Ladakh With Uming La & Hanle,N/A,25999 per person,0,8 Days 7 Nights
49,NY Kashmir Backpacking,N/A,25999 per person,0,6 Days 5 Nights
50,NY Meghalaya Backpacking,26999,25999 per person,1000,6 Days 5 Nights
51,NY Kasol Kheerganga Manali,N/A,13999 per person,0,4 Days 3 Nights
52,NY Uttarakhand Backpacking,N/A,17999 per person,0,5 Days 4 Nights
53,Uttarakhand Backpacking- Rishikesh Auli Chopta,N/A,14999 per person,0,4 Nights 5 Days
54,Manali Sissu Kasol,8500,8000 per person,500,3 Nights 4 Days
55,Kashmir Backpacking,N/A,22999 per person,0,6 Days 5 Nights
56,Himachal Backpacking Summer Special,19999,14999 per person,5000,5 Days 4 Nights
57,Leh Srinagar Backpacking Bike Trip,33500,28500 per person,5000,8 Days 7 Nights
58,Manali Leh Srinagar Backpacking Bike Trip,N/A,N/A,0,10 Days 9 Nights
59,Fantastic Goa,N/A,13000 per person,0,5 Days 4 Nights
60,Manali Kasol Jibhi,N/A,15000 per person,0,5 Days 4 Nights
61,Spiti Valley Circuit Trip with Manali,20000,18000 per person,2000,7 Days 6 Nights
62,Ny Shimla Manali,17999,16999 per person,1000,5 Days 4 Nights
63,NY Himachal Backpacking,N/A,17999 per person,0,5 Days 4 Nights
64,Mcleodganj & Triund Trek,6999,6499 per person,500,3 Days 2 Nights
65,Chopta-Tungnath-Deoriatal,7000,6500 per person,500,3 Days 2 Nights
66,Kasol Kheerganga Trek,7500,6500 per person,1000,3 Days 2 Nights
67,Jibhi & Tirthan Valley,7500,6500 per person,1000,3 Days 2 Nights
68,SM Manali Sissu,8500,7500 per person,1000,3 Days 2 Nights
69,NY Kasol Kheerganga,N/A,8499 per person,0,3 Days 2 Nights
70,Mcleodganj & Bir,N/A,7499 per person,0,3 Days 2 Nights
71,Kasauli Shimla 4 Days 3 Nights,N/A,11000 per person,0,4 Days 3 Nights
72,Shimla 3 Days 2 Nights,N/A,13500 per person,0,3 Days 2 Nights
73,Dharamshala Dalhousie,N/A,14000 per person,0,3 Days 2 Nights
74,NY Auli & Joshimath,N/A,9499 per person,0,3 Days 2 Nights
75,Ny Jaisalmer & Longewala,N/A,9999 per person,0,3 Days 2 Nights
76,NY Mcleodganj Bir Billing,N/A,9499 per person,0,3 Days 2 Nights
77,NY Manali Sissu,N/A,8499 per person,0,3 Days 2 Nights
78,NY Mcleodganj Triund Trek,N/A,8499 per person,0,3 Days 2 Nights
79,Udaipur & Kumbhalgarh,N/A,7499 per person,0,4 Days 3 Nights
80,Udaipur & Mount Abu Trip From Delhi,N/A,11999 per person,0,4 Days 3 Nights
81,NY Jibhi & Tirthan Valley,N/A,8499 per person,0,3 Days 2 Nights
82,NY Chopta Tungnath,N/A,7999 per person,0,3 Days 2 Nights
83,Kashmir Backpacking Summer Edition,N/A,25999 per person,0,6 Days 5 Nights
84,Udaipur & Mount Abu Trip From Delhi,N/A,11999 per person,0,4 Days 3 Nights
85,NY Jibhi & Tirthan Valley,N/A,8499 per person,0,3 Days 2 Nights
86,NY Chopta Tungnath,N/A,7999 per person,0,3 Days 2 Nights
87,Kashmir Backpacking Summer Edition,N/A,25999 per person,0,6 Days 5 Nights
88,Mcleodganj & Triund Trek,6999,6499 per person,500,3 Days 2 Nights
89,Chopta-Tungnath-Deoriatal,7000,6500 per person,500,3 Days 2 Nights
90,Kasol Kheerganga Trek,7500,6500 per person,1000,3 Days 2 Nights
91,Jibhi & Tirthan Valley,7500,6500 per person,1000,3 Days 2 Nights
92,SM Manali Sissu,8500,7500 per person,1000,3 Days 2 Nights
93,NY Kasol Kheerganga,N/A,8499 per person,0,3 Days 2 Nights
94,Mcleodganj & Bir,N/A,7499 per person,0,3 Days 2 Nights
95,Kasauli Shimla 4 Days 3 Nights,N/A,11000 per person,0,4 Days 3 Nights
96,Shimla 3 Days 2 Nights,N/A,13500 per person,0,3 Days 2 Nights
97,Dharamshala Dalhousie,N/A,14000 per person,0,3 Days 2 Nights
98,NY Auli & Joshimath,N/A,9499 per person,0,3 Days 2 Nights
99,Ny Jaisalmer & Longewala,N/A,9999 per person,0,3 Days 2 Nights
100,NY Mcleodganj Bir Billing,N/A,9499 per person,0,3 Days 2 Nights
101,NY Manali Sissu,N/A,8499 per person,0,3 Days 2 Nights
102,NY Mcleodganj Triund Trek,N/A,8499 per person,0,3 Days 2 Nights
103,Udaipur & Kumbhalgarh,N/A,7499 per person,0,4 Days 3 Nights
104,Udaipur & Mount Abu Trip From Delhi,N/A,11999 per person,0,4 Days 3 Nights
105,NY Jibhi & Tirthan Valley,N/A,8499 per person,0,3 Days 2 Nights
106,NY Chopta Tungnath,N/A,7999 per person,0,3 Days 2 Nights
107,Kashmir Backpacking Summer Edition,N/A,25999 per person,0,6 Days 5 Nights
108,Mcleodganj & Triund Trek,6999,6499 per person,500,3 Days 2 Nights
109,Chopta-Tungnath-Deoriatal,7000,6500 per person,500,3 Days 2 Nights
110,Kasol Kheerganga Trek,7500,6500 per person,1000,3 Days 2 Nights
111,Jibhi & Tirthan Valley,7500,6500 per person,1000,3 Days 2 Nights
112,SM Manali Sissu,8500,7500 per person,1000,3 Days 2 Nights
113,NY Kasol Kheerganga,N/A,8499 per person,0,3 Days 2 Nights
114,Mcleodganj & Bir,N/A,7499 per person,0,3 Days 2 Nights
115,Kasauli Shimla 4 Days 3 Nights,N/A,11000 per person,0,4 Days 3 Nights
116,Shimla 3 Days 2 Nights,N/A,13500 per person,0,3 Days 2 Nights
117,Dharamshala Dalhousie,N/A,14000 per person,0,3 Days 2 Nights
118,NY Auli & Joshimath,N/A,9499 per person,0,3 Days 2 Nights
119,Ny Jaisalmer & Longewala,N/A,9999 per person,0,3 Days 2 Nights
120,NY Mcleodganj Bir Billing,N/A,9499 per person,0,3 Days 2 Nights
121,NY Manali Sissu,N/A,8499 per person,0,3 Days 2 Nights
122,NY Mcleodganj Triund Trek,N/A,8499 per person,0,3 Days 2 Nights
123,Udaipur & Kumbhalgarh,N/A,7499 per person,0,4 Days 3 Nights
124,Udaipur & Mount Abu Trip From Delhi,N/A,11999 per person,0,4 Days 3 Nights
125,NY Jibhi & Tirthan Valley,N/A,8499 per person,0,3 Days 2 Nights
126,NY Chopta Tungnath,N/A,7999 per person,0,3 Days 2 Nights
127,Kashmir Backpacking Summer Edition,N/A,25999 per person,0,6 Days 5 Nights
128,Maldives Angaga Island Resort,N/A,N/A,0,5 Days 4 Nights
129,Joy Island Maldives - The Cocoon Collection,N/A,N/A,0,4 Days 3 Nights
130,Cocoon Maldives - The Cocoon Collection,N/A,N/A,0,4 Days 3 Nights
131,Maldives Sun Siyam Olhuveli Resort,N/A,N/A,0,5 Days 4 Nights
132,Maldives Dhigufaru Island Resort,N/A,N/A,0,5 Days 4 Nights
133,Maldives Holiday Inn Kandooma,N/A,N/A,0,5 Days 4 Nights
134,Maldives Oblu Xperience Ailafushi,N/A,N/A,0,4 Days 3 Nights
135,Maldives Medhufushi Island Resort,N/A,N/A,0,5 Days 4 Nights
136,Adventure Bali Trip Package,N/A,N/A,0,7 Days 6 Nights
137,Best of Bali,N/A,N/A,0,7 Days 6 Nights
138,Enthralling Europe Tour,N/A,N/A,0,14 Nights 15 Days
139,Exquisite Baku Tour Package From India,N/A,59999 per person,0,5 Nights 6 Days
140,Majestic Baku Tour Package From India,N/A,49999 per person,0,4 Nights 5 Days
141,Almaty 5D4N Kazakhstan,N/A,39999 per person,0,5 Days 4 Nights
142,Ho Chi Minh & Hanoi 6D5N,N/A,39999 per person,0,6 Days 5 Nights
143,Georgia 5D4N,N/A,N/A,0,5 Days 4 Nights
144,Georgia 4D3N,N/A,N/A,0,4 Days 3 Nights
145,Azerbaijan & Georgia,N/A,N/A,0,14 Days 13 Nights
146,Azerbaijan 5D4N,N/A,N/A,0,5 Days 4 Nights
147,Azerbaizan 6D5N,N/A,N/A,0,6 Days 5 Nights
148,Georgia 4D3N,N/A,N/A,0,4 Days 3 Nights
149,Azerbaijan & Georgia,N/A,N/A,0,14 Days 13 Nights
150,Azerbaijan 5D4N,N/A,N/A,0,5 Days 4 Nights
151,Azerbaizan 6D5N,N/A,N/A,0,6 Days 5 Nights
152,Maldives Angaga Island Resort,N/A,N/A,0,5 Days 4 Nights
153,Joy Island Maldives - The Cocoon Collection,N/A,N/A,0,4 Days 3 Nights
154,Cocoon Maldives - The Cocoon Collection,N/A,N/A,0,4 Days 3 Nights
155,Maldives Sun Siyam Olhuveli Resort,N/A,N/A,0,5 Days 4 Nights
156,Maldives Dhigufaru Island Resort,N/A,N/A,0,5 Days 4 Nights
157,Maldives Holiday Inn Kandooma,N/A,N/A,0,5 Days 4 Nights
158,Maldives Oblu Xperience Ailafushi,N/A,N/A,0,4 Days 3 Nights
159,Maldives Medhufushi Island Resort,N/A,N/A,0,5 Days 4 Nights
160,Adventure Bali Trip Package,N/A,N/A,0,7 Days 6 Nights
161,Best of Bali,N/A,N/A,0,7 Days 6 Nights
162,Enthralling Europe Tour,N/A,N/A,0,14 Nights 15 Days
163,Exquisite Baku Tour Package From India,N/A,59999 per person,0,5 Nights 6 Days
164,Majestic Baku Tour Package From India,N/A,49999 per person,0,4 Nights 5 Days
165,Almaty 5D4N Kazakhstan,N/A,39999 per person,0,5 Days 4 Nights
166,Ho Chi Minh & Hanoi 6D5N,N/A,39999 per person,0,6 Days 5 Nights
167,Georgia 5D4N,N/A,N/A,0,5 Days 4 Nights
168,Georgia 4D3N,N/A,N/A,0,4 Days 3 Nights
169,Azerbaijan & Georgia,N/A,N/A,0,14 Days 13 Nights
170,Azerbaijan 5D4N,N/A,N/A,0,5 Days 4 Nights
171,Azerbaizan 6D5N,N/A,N/A,0,6 Days 5 Nights
172,Maldives Angaga Island Resort,N/A,N/A,0,5 Days 4 Nights
173,Joy Island Maldives - The Cocoon Collection,N/A,N/A,0,4 Days 3 Nights
174,Cocoon Maldives - The Cocoon Collection,N/A,N/A,0,4 Days 3 Nights
175,Maldives Sun Siyam Olhuveli Resort,N/A,N/A,0,5 Days 4 Nights
176,Maldives Dhigufaru Island Resort,N/A,N/A,0,5 Days 4 Nights
177,Maldives Holiday Inn Kandooma,N/A,N/A,0,5 Days 4 Nights
178,Maldives Oblu Xperience Ailafushi,N/A,N/A,0,4 Days 3 Nights
179,Maldives Medhufushi Island Resort,N/A,N/A,0,5 Days 4 Nights
180,Adventure Bali Trip Package,N/A,N/A,0,7 Days 6 Nights
181,Best of Bali,N/A,N/A,0,7 Days 6 Nights
182,Enthralling Europe Tour,N/A,N/A,0,14 Nights 15 Days
183,Exquisite Baku Tour Package From India,N/A,59999 per person,0,5 Nights 6 Days
184,Majestic Baku Tour Package From India,N/A,49999 per person,0,4 Nights 5 Days
185,Almaty 5D4N Kazakhstan,N/A,39999 per person,0,5 Days 4 Nights
186,Ho Chi Minh & Hanoi 6D5N,N/A,39999 per person,0,6 Days 5 Nights
187,Georgia 5D4N,N/A,N/A,0,5 Days 4 Nights
188,Georgia 4D3N,N/A,N/A,0,4 Days 3 Nights
189,Azerbaijan & Georgia,N/A,N/A,0,14 Days 13 Nights
190,Azerbaijan 5D4N,N/A,N/A,0,5 Days 4 Nights
191,Azerbaizan 6D5N,N/A,N/A,0,6 Days 5 Nights
192,Hampta Pass Trek,8000,7500 per person,500,5 Days 4 Nights
193,Brahmatal Trek,7499,6999 per person,500,5 Days 4 Nights
194,Nag Tibba Trek,N/A,6000 per person,0,2 Days 1 Night
195,Roopkund Trek,N/A,15000 per person,0,8 Days 7 Nights
196,Saputara Group Trip,N/A,3499 per person,0,3 Days 2 Nights
197,Ratanmahal Trek From Vadodara,N/A,1200 per person,0,1 Day
198,Andharban Forest Trek,N/A,1999 per person,0,1 Day
199,Peb Fort Trek,N/A,1999 per person,0,1 Day
200,Devkund Waterfall Trek,N/A,1999 per person,0,1 Day
201,Harihar Fort Trek,N/A,1999 per person,0,1 Day
202,Harishchandragad Trek,N/A,1999 per person,0,1 Day
203,Jivdhan Fort Trek,N/A,1800 per person,0,1 Day
204,Kalsubai Trek,N/A,1800 per person,0,1 Day
205,Tarsar Marsar Trek,14250,13750 per person,500,7 Days 6 Nights
206,Ali Bedni Bughyal,N/A,10000 per person,0,6 Days 5 Nights
207,Bhrigu Lake Trek,6000,5500 per person,500,3 Days 2 Nights
208,Kashmir Great Lakes Trek,16000,15000 per person,1000,8 Days 7 Nights
209,Valley of Flowers Trek,9500,9000 per person,500,6 Days 5 Nights
210,Chadar Trek,N/A,17499 per person,0,9 Days 8 Nights
211,Snowboarding Course in Gulmarg,N/A,28000 per person,0,7 Days 6 Nights
212,Kashmir Great Lakes Trek,16000,15000 per person,1000,8 Days 7 Nights
213,Valley of Flowers Trek,9500,9000 per person,500,6 Days 5 Nights
214,Chadar Trek,N/A,17499 per person,0,9 Days 8 Nights
215,Snowboarding Course in Gulmarg,N/A,28000 per person,0,7 Days 6 Nights
216,Hampta Pass Trek,8000,7500 per person,500,5 Days 4 Nights
217,Brahmatal Trek,7499,6999 per person,500,5 Days 4 Nights
218,Nag Tibba Trek,N/A,6000 per person,0,2 Days 1 Night
219,Roopkund Trek,N/A,15000 per person,0,8 Days 7 Nights
220,Saputara Group Trip,N/A,3499 per person,0,3 Days 2 Nights
221,Ratanmahal Trek From Vadodara,N/A,1200 per person,0,1 Day
222,Andharban Forest Trek,N/A,1999 per person,0,1 Day
223,Peb Fort Trek,N/A,1999 per person,0,1 Day
224,Devkund Waterfall Trek,N/A,1999 per person,0,1 Day
225,Harihar Fort Trek,N/A,1999 per person,0,1 Day
226,Harishchandragad Trek,N/A,1999 per person,0,1 Day
227,Jivdhan Fort Trek,N/A,1800 per person,0,1 Day
228,Kalsubai Trek,N/A,1800 per person,0,1 Day
229,Tarsar Marsar Trek,14250,13750 per person,500,7 Days 6 Nights
230,Ali Bedni Bughyal,N/A,10000 per person,0,6 Days 5 Nights
231,Bhrigu Lake Trek,6000,5500 per person,500,3 Days 2 Nights
232,Kashmir Great Lakes Trek,16000,15000 per person,1000,8 Days 7 Nights
233,Valley of Flowers Trek,9500,9000 per person,500,6 Days 5 Nights
234,Chadar Trek,N/A,17499 per person,0,9 Days 8 Nights
235,Snowboarding Course in Gulmarg,N/A,28000 per person,0,7 Days 6 Nights
236,Hampta Pass Trek,8000,7500 per person,500,5 Days 4 Nights
237,Brahmatal Trek,7499,6999 per person,500,5 Days 4 Nights
238,Nag Tibba Trek,N/A,6000 per person,0,2 Days 1 Night
239,Roopkund Trek,N/A,15000 per person,0,8 Days 7 Nights
240,Saputara Group Trip,N/A,3499 per person,0,3 Days 2 Nights
241,Ratanmahal Trek From Vadodara,N/A,1200 per person,0,1 Day
242,Andharban Forest Trek,N/A,1999 per person,0,1 Day
243,Peb Fort Trek,N/A,1999 per person,0,1 Day
244,Devkund Waterfall Trek,N/A,1999 per person,0,1 Day
245,Harihar Fort Trek,N/A,1999 per person,0,1 Day
246,Harishchandragad Trek,N/A,1999 per person,0,1 Day
247,Jivdhan Fort Trek,N/A,1800 per person,0,1 Day
248,Kalsubai Trek,N/A,1800 per person,0,1 Day
249,Tarsar Marsar Trek,14250,13750 per person,500,7 Days 6 Nights
250,Ali Bedni Bughyal,N/A,10000 per person,0,6 Days 5 Nights
251,Bhrigu Lake Trek,6000,5500 per person,500,3 Days 2 Nights
252,Kashmir Great Lakes Trek,16000,15000 per person,1000,8 Days 7 Nights
253,Valley of Flowers Trek,9500,9000 per person,500,6 Days 5 Nights
254,Chadar Trek,N/A,17499 per person,0,9 Days 8 Nights
255,Snowboarding Course in Gulmarg,N/A,28000 per person,0,7 Days 6 Nights
256,Honeymoon Special- Chandigarh Shimla Manali,N/A,20000 per person,0,5 Days 4 Nights
257,Honeymoon Special- Himachal Pardesh,65000,60000 per person,5000,9 Days 8 Nights
258,Phuket Krabi Honeymoon Trip,N/A,58000 per person,0,6 Days 5 Nights
259,Honeymoon Special - Phuket Krabi,N/A,48000 per person,0,5 Days 4 Nights
260,Honeymoon Special- Shimla to Manali,N/A,23000 per person,0,6 Days 5 Nights
261,Vietnam Honeymoon Trip - Hanoi & Da Nang,N/A,65000 per person,0,7 Days 6 Nights
262,Southern Vietnam - Honeymoon Special,N/A,40000 per person,0,5 Days 4 Nights
263,Northern Vietnam - Honeymoon Special,N/A,40000 per person,0,5 Days 4 Nights
264,Manali Honeymoon Trip - 6 Days 5 Nights,N/A,44500 per person,0,6 Days 5 Nights
265,Kashmir Honeymoon Package 7 Days 6 Nights,N/A,38500 per person,0,7 Days 6 Nights
266,Manali Jibhi Honeymoon Trip,N/A,28000 per person,0,4 Days 3 Nights
267,Kasol Manali JIbhi Honeymoon Trip,N/A,29999 per person,0,5 Days 4 Nights
268,Manali Honeymoon Trip - 6 Days 5 Nights,N/A,44500 per person,0,6 Days 5 Nights
269,Kashmir Honeymoon Package 7 Days 6 Nights,N/A,38500 per person,0,7 Days 6 Nights
270,Manali Jibhi Honeymoon Trip,N/A,28000 per person,0,4 Days 3 Nights
271,Kasol Manali JIbhi Honeymoon Trip,N/A,29999 per person,0,5 Days 4 Nights
272,Honeymoon Special- Chandigarh Shimla Manali,N/A,20000 per person,0,5 Days 4 Nights
273,Honeymoon Special- Himachal Pardesh,65000,60000 per person,5000,9 Days 8 Nights
274,Phuket Krabi Honeymoon Trip,N/A,58000 per person,0,6 Days 5 Nights
275,Honeymoon Special - Phuket Krabi,N/A,48000 per person,0,5 Days 4 Nights
276,Honeymoon Special- Shimla to Manali,N/A,23000 per person,0,6 Days 5 Nights
277,Vietnam Honeymoon Trip - Hanoi & Da Nang,N/A,65000 per person,0,7 Days 6 Nights
278,Southern Vietnam - Honeymoon Special,N/A,40000 per person,0,5 Days 4 Nights
279,Northern Vietnam - Honeymoon Special,N/A,40000 per person,0,5 Days 4 Nights
280,Manali Honeymoon Trip - 6 Days 5 Nights,N/A,44500 per person,0,6 Days 5 Nights
281,Kashmir Honeymoon Package 7 Days 6 Nights,N/A,38500 per person,0,7 Days 6 Nights
282,Manali Jibhi Honeymoon Trip,N/A,28000 per person,0,4 Days 3 Nights
283,Kasol Manali JIbhi Honeymoon Trip,N/A,29999 per person,0,5 Days 4 Nights
284,Honeymoon Special- Chandigarh Shimla Manali,N/A,20000 per person,0,5 Days 4 Nights
285,Honeymoon Special- Himachal Pardesh,65000,60000 per person,5000,9 Days 8 Nights
286,Phuket Krabi Honeymoon Trip,N/A,58000 per person,0,6 Days 5 Nights
287,Honeymoon Special - Phuket Krabi,N/A,48000 per person,0,5 Days 4 Nights
288,Honeymoon Special- Shimla to Manali,N/A,23000 per person,0,6 Days 5 Nights
289,Vietnam Honeymoon Trip - Hanoi & Da Nang,N/A,65000 per person,0,7 Days 6 Nights
290,Southern Vietnam - Honeymoon Special,N/A,40000 per person,0,5 Days 4 Nights
291,Northern Vietnam - Honeymoon Special,N/A,40000 per person,0,5 Days 4 Nights
292,Manali Honeymoon Trip - 6 Days 5 Nights,N/A,44500 per person,0,6 Days 5 Nights
293,Kashmir Honeymoon Package 7 Days 6 Nights,N/A,38500 per person,0,7 Days 6 Nights
294,Manali Jibhi Honeymoon Trip,N/A,28000 per person,0,4 Days 3 Nights
295,Kasol Manali JIbhi Honeymoon Trip,N/A,29999 per person,0,5 Days 4 Nights
296,Chakrata Corporate Trip,N/A,5500 per person,0,2 Days 1 Night
297,Kanatal Corporate Trip,N/A,3500 per person,0,2 Days 1 Night
298,Jim Corbett  - 2D1N,N/A,3600 per person,0,2 Days 1 Night
299,Chakrata Corporate Trip,N/A,5500 per person,0,2 Days 1 Night
300,Kanatal Corporate Trip,N/A,3500 per person,0,2 Days 1 Night
301,Jim Corbett  - 2D1N,N/A,3600 per person,0,2 Days 1 Night
302,Chakrata Corporate Trip,N/A,5500 per person,0,2 Days 1 Night
303,Kanatal Corporate Trip,N/A,3500 per person,0,2 Days 1 Night
304,Jim Corbett  - 2D1N,N/A,3600 per person,0,2 Days 1 Night
305,Chakrata Corporate Trip,N/A,5500 per person,0,2 Days 1 Night
306,Kanatal Corporate Trip,N/A,3500 per person,0,2 Days 1 Night
307,Jim Corbett  - 2D1N,N/A,3600 per person,0,2 Days 1 Night
